../maps/warehouse_small.map,capibt,250,500,2,0,5.888,0.092912,68,68,0,0,1.10318,1.44424,0.5,0,30,10
../maps/warehouse_small.map,capibt,250,500,1,0,5.916,0.089592,91,91,0,0,1.11536,1.576,0.5,0,30,10
../maps/warehouse_small.map,capibt,250,500,1,0,6.182,0.064816,69,69,0,0,1.05835,1.52036,0.5,0.5,30,10
../maps/warehouse_small.map,capibt,250,500,2,0,6.178,0.0634,50,50,0,0,1.06469,1.50641,0.5,0.5,30,10
../maps/warehouse_small.map,capibt,250,500,1,0,5.852,0.067872,85,85,0,0,1.15104,1.61505,0.5,1,30,10
../maps/warehouse_small.map,capibt,250,500,2,0,5.988,0.066184,81,81,0,0,1.10842,1.54124,0.5,1,30,10
../maps/warehouse_small.map,capibt,250,500,2,0,5.744,0.063248,77,77,0,0,1.14437,1.60557,0.5,2,30,10
../maps/warehouse_small.map,capibt,250,500,1,0,5.69,0.061144,81,81,0,0,1.18088,1.47092,0.5,2,30,10
../maps/warehouse_small.map,capibt,250,500,1,0,6.024,0.088256,84,84,0,0,1.16654,1.57153,1,0,30,10
../maps/warehouse_small.map,capibt,250,500,2,0,5.794,0.095448,62,62,0,0,1.22531,1.46228,1,0,30,10
../maps/warehouse_small.map,capibt,250,500,1,0,6.024,0.065096,75,75,0,0,1.13322,1.58672,1,0.5,30,10
../maps/warehouse_small.map,capibt,250,500,2,0,6.14,0.065896,46,46,0,0,1.13737,1.47024,1,0.5,30,10
../maps/warehouse_small.map,capibt,250,500,1,0,6.01,0.063024,74,74,0,0,1.14345,1.57594,1,1,30,10
../maps/warehouse_small.map,capibt,250,500,2,0,6.04,0.062184,75,75,0,0,1.20678,1.7302,1,1,30,10
../maps/warehouse_small.map,capibt,250,500,1,0,5.788,0.0616,88,88,0,0,1.23733,1.55828,1,2,30,10
../maps/warehouse_small.map,capibt,250,500,2,0,5.902,0.06036,81,81,0,0,1.26688,1.59172,1,2,30,10
../maps/warehouse_small.map,capibt,250,500,1,0,5.566,0.1008,111,111,0,0,1.32204,1.62067,2,0,30,10
../maps/warehouse_small.map,capibt,250,500,2,0,5.622,0.093112,87,87,0,0,1.34371,1.47799,2,0,30,10
../maps/warehouse_small.map,capibt,250,500,1,0,5.858,0.068144,82,82,0,0,1.24664,1.56056,2,0.5,30,10
../maps/warehouse_small.map,capibt,250,500,2,0,5.858,0.07016,79,79,0,0,1.2619,1.56312,2,0.5,30,10
../maps/warehouse_small.map,capibt,250,500,1,0,5.748,0.06688,93,93,0,0,1.27686,1.57035,2,1,30,10
../maps/warehouse_small.map,capibt,250,500,2,0,5.858,0.068344,94,94,0,0,1.24254,1.43225,2,1,30,10
../maps/warehouse_small.map,capibt,250,500,1,0,5.606,0.064968,122,122,0,0,1.30069,1.507,2,2,30,10
../maps/warehouse_small.map,capibt,250,500,2,0,5.656,0.065864,102,102,0,0,1.2779,1.51745,2,2,30,10
../maps/warehouse_small.map,capibt,250,500,1,0,5.478,0.08692,111,111,0,0,1.38639,1.4704,4,0,30,10
../maps/warehouse_small.map,capibt,250,500,2,0,5.31,0.0944,129,129,0,0,1.45942,1.38982,4,0,30,10
../maps/warehouse_small.map,capibt,250,500,1,0,5.558,0.071712,131,131,0,0,1.39537,1.4935,4,0.5,30,10
../maps/warehouse_small.map,capibt,250,500,2,0,5.54,0.070928,122,122,0,0,1.40742,1.39485,4,0.5,30,10
../maps/warehouse_small.map,capibt,250,500,1,0,5.542,0.076568,138,138,0,0,1.40074,1.62387,4,1,30,10
../maps/warehouse_small.map,capibt,250,500,2,0,5.524,0.066752,125,125,0,0,1.39731,1.52764,4,1,30,10
../maps/warehouse_small.map,capibt,250,500,1,0,5.586,0.068816,133,133,0,0,1.39392,1.65602,4,2,30,10
../maps/warehouse_small.map,capibt,250,500,2,0,5.39,0.07068,131,131,0,0,1.40029,1.41549,4,2,30,10
../maps/warehouse_small.map,capibt,250,500,1,0,6.306,0.06516,10,10,0,0,1.34881,1.50912,0.5,0,30,10
../maps/warehouse_small.map,capibt,250,500,2,0,6.394,0.068584,9,9,0,0,1.33161,1.41388,0.5,0,30,10
../maps/warehouse_small.map,capibt,250,500,1,0,6.278,0.060768,16,16,0,0,1.36901,1.40814,0.5,0.5,30,10
../maps/warehouse_small.map,capibt,250,500,2,0,6.208,0.058032,6,6,0,0,1.34535,1.43769,0.5,0.5,30,10
../maps/warehouse_small.map,capibt,250,500,1,0,6.106,0.060952,12,12,0,0,1.36548,1.52022,0.5,1,30,10
../maps/warehouse_small.map,capibt,250,500,2,0,6.166,0.059552,11,11,0,0,1.35193,1.48788,0.5,1,30,10
../maps/warehouse_small.map,capibt,250,500,1,0,5.762,0.066432,40,40,0,0,1.44843,1.50513,0.5,2,30,10
../maps/warehouse_small.map,capibt,250,500,2,0,5.882,0.067216,24,24,0,0,1.43601,1.44648,0.5,2,30,10
../maps/warehouse_small.map,capibt,250,500,1,0,6.286,0.066,11,11,0,0,1.39634,1.34938,1,0,30,10
../maps/warehouse_small.map,capibt,250,500,2,0,6.306,0.058608,5,5,0,0,1.38257,1.44688,1,0,30,10
../maps/warehouse_small.map,capibt,250,500,1,0,6.226,0.058896,8,8,0,0,1.41109,1.40559,1,0.5,30,10
../maps/warehouse_small.map,capibt,250,500,2,0,6.31,0.053872,10,10,0,0,1.429,1.449,1,0.5,30,10
../maps/warehouse_small.map,capibt,250,500,1,0,6.162,0.059,16,16,0,0,1.43128,1.43493,1,1,30,10
../maps/warehouse_small.map,capibt,250,500,2,0,6.108,0.056784,14,14,0,0,1.44627,1.41469,1,1,30,10
../maps/warehouse_small.map,capibt,250,500,1,0,5.966,0.061784,15,15,0,0,1.46045,1.4722,1,2,30,10
../maps/warehouse_small.map,capibt,250,500,2,0,5.988,0.06032,19,19,0,0,1.44725,1.41401,1,2,30,10
../maps/warehouse_small.map,capibt,250,500,1,0,6.104,0.058944,17,17,0,0,1.48584,1.33444,2,0,30,10
../maps/warehouse_small.map,capibt,250,500,2,0,6.29,0.062296,9,9,0,0,1.45059,1.43513,2,0,30,10
../maps/warehouse_small.map,capibt,250,500,1,0,6.2,0.054024,12,12,0,0,1.45788,1.502,2,0.5,30,10
../maps/warehouse_small.map,capibt,250,500,2,0,6.16,0.054984,15,15,0,0,1.47229,1.41478,2,0.5,30,10
../maps/warehouse_small.map,capibt,250,500,1,0,6.04,0.057024,18,18,0,0,1.47981,1.48647,2,1,30,10
../maps/warehouse_small.map,capibt,250,500,2,0,6.056,0.058072,16,16,0,0,1.49432,1.39264,2,1,30,10
../maps/warehouse_small.map,capibt,250,500,1,0,5.914,0.061608,27,27,0,0,1.54391,1.39657,2,2,30,10
../maps/warehouse_small.map,capibt,250,500,2,0,5.74,0.062712,37,37,0,0,1.59076,1.48647,2,2,30,10
../maps/warehouse_small.map,capibt,250,500,1,0,5.936,0.062696,17,17,0,0,1.60446,1.41972,4,0,30,10
../maps/warehouse_small.map,capibt,250,500,2,0,6.138,0.0622,16,16,0,0,1.54803,1.47507,4,0,30,10
../maps/warehouse_small.map,capibt,250,500,1,0,6.016,0.05848,30,30,0,0,1.56556,1.42512,4,0.5,30,10
../maps/warehouse_small.map,capibt,250,500,2,0,6.09,0.056568,11,11,0,0,1.53002,1.36074,4,0.5,30,10
../maps/warehouse_small.map,capibt,250,500,1,0,5.954,0.060136,35,35,0,0,1.58318,1.48712,4,1,30,10
../maps/warehouse_small.map,capibt,250,500,2,0,5.974,0.059536,23,23,0,0,1.56188,1.49977,4,1,30,10
../maps/warehouse_small.map,capibt,250,500,1,0,5.916,0.057032,29,29,0,0,1.65454,1.50857,4,2,30,10
../maps/warehouse_small.map,capibt,250,500,2,0,5.88,0.058448,24,24,0,0,1.60147,1.48809,4,2,30,10
../maps/warehouse_small.map,pibt,250,500,1,0,3.404,0.214928,521,0,0,0,0.0725307,1.73757,2,1,30,10
../maps/warehouse_small.map,hpibt,250,500,1,0,5.56,0.106408,52,0,0,0,0.0839209,1.39198,2,1,30,10
../maps/warehouse_small.map,pibt,250,500,2,0,3.674,0.20304,450,0,0,0,0.0799638,1.6183,2,1,30,10
../maps/warehouse_small.map,hpibt,250,500,2,0,5.556,0.115392,41,0,0,0,0.0840847,1.32191,2,1,30,10
