../maps/warehouse_small.map,PIBT,200,1000,1,0.05,2.954,0.273215,710,0,9803,8155,0.0537414,2.23766,10,5,30,10
../maps/warehouse_small.map,PIBT,200,1000,2,0.05,2.948,0.27879,770,0,9999,8245,0.0522846,2.26548,10,5,30,10
../maps/warehouse_small.map,PIBT,200,1000,3,0.05,3.05,0.268345,662,0,9462,8250,0.0531151,2.29292,10,5,30,10
../maps/warehouse_small.map,PIBT,200,1000,4,0.05,2.821,0.291565,812,0,10721,7949,0.0530389,2.2856,10,5,30,10
../maps/warehouse_small.map,PIBT,200,1000,5,0.05,2.96,0.27387,737,0,9873,8191,0.0525902,2.38328,10,5,30,10
../maps/warehouse_small.map,PIBT,200,1000,1,0.1,1.542,0.521485,1775,0,25207,13370,0.0532826,2.78494,10,5,30,10
../maps/warehouse_small.map,PIBT,200,1000,2,0.1,1.784,0.485345,1613,0,23484,14097,0.0521081,2.92465,10,5,30,10
../maps/warehouse_small.map,PIBT,200,1000,3,0.1,1.872,0.474545,1507,0,22571,14154,0.052099,2.78575,10,5,30,10
../maps/warehouse_small.map,PIBT,200,1000,4,0.1,2.014,0.44511,1424,0,21382,14675,0.051843,2.73223,10,5,30,10
../maps/warehouse_small.map,PIBT,200,1000,5,0.1,1.941,0.45765,1450,0,21894,14450,0.0534194,2.70887,10,5,30,10
../maps/warehouse_small.map,PIBT,200,1000,1,0.2,1.08,0.656565,1816,0,34802,25771,0.0586188,2.5219,10,5,30,10
../maps/warehouse_small.map,PIBT,200,1000,2,0.2,1.163,0.645635,1889,0,34240,26431,0.0516577,2.17733,10,5,30,10
../maps/warehouse_small.map,PIBT,200,1000,3,0.2,1.173,0.63192,1675,0,32868,26537,0.0517987,2.29277,10,5,30,10
../maps/warehouse_small.map,PIBT,200,1000,4,0.2,0.982,0.670865,1859,0,34873,25092,0.0525582,2.23426,10,5,30,10
../maps/warehouse_small.map,PIBT,200,1000,5,0.2,1.184,0.64776,1705,0,33319,26041,0.0518205,2.21892,10,5,30,10
../maps/warehouse_small.map,H-PIBT,200,1000,1,0.05,4.444,0.1585,54,0,5793,9118,0.0587882,1.91875,10,5,30,10
../maps/warehouse_small.map,H-PIBT,200,1000,2,0.05,4.504,0.16466,76,0,5983,9149,0.0597992,2.02968,10,5,30,10
../maps/warehouse_small.map,H-PIBT,200,1000,3,0.05,4.465,0.15878,54,0,5521,9215,0.0625959,2.0468,10,5,30,10
../maps/warehouse_small.map,H-PIBT,200,1000,4,0.05,4.443,0.16275,81,0,5805,9176,0.0603816,1.91801,10,5,30,10
../maps/warehouse_small.map,H-PIBT,200,1000,1,0.1,3.918,0.250385,155,0,11198,17956,0.0585408,1.9829,10,5,30,10
../maps/warehouse_small.map,H-PIBT,200,1000,5,0.05,4.526,0.159545,58,0,5836,9206,0.0606051,2.01075,10,5,30,10
../maps/warehouse_small.map,H-PIBT,200,1000,2,0.1,3.814,0.259305,201,0,11296,17685,0.0617294,2.0555,10,5,30,10
../maps/warehouse_small.map,H-PIBT,200,1000,3,0.1,3.986,0.240415,123,0,10573,17940,0.0662551,1.97107,10,5,30,10
../maps/warehouse_small.map,H-PIBT,200,1000,4,0.1,3.936,0.25009,130,0,11079,17976,0.0639845,1.95387,10,5,30,10
../maps/warehouse_small.map,H-PIBT,200,1000,5,0.1,3.914,0.254345,178,0,11304,17830,0.06574,2.13661,10,5,30,10
../maps/warehouse_small.map,H-PIBT,200,1000,1,0.2,2.832,0.43231,524,0,19814,32870,0.0593291,2.1341,10,5,30,10
../maps/warehouse_small.map,H-PIBT,200,1000,2,0.2,2.676,0.457355,776,0,22476,33014,0.0607424,2.30339,10,5,30,10
../maps/warehouse_small.map,H-PIBT,200,1000,4,0.2,1.595,0.626105,1439,0,28876,25832,0.0575932,2.5188,10,5,30,10
../maps/warehouse_small.map,H-PIBT,200,1000,3,0.2,2.538,0.4708,840,0,23444,32191,0.0596892,2.48071,10,5,30,10
../maps/warehouse_small.map,H-PIBT,200,1000,5,0.2,2.327,0.51615,1006,0,24274,30206,0.0601674,2.69291,10,5,30,10
../maps/warehouse_small.map,WPP,200,1000,1,0.05,4.501,0.124685,64,0,4697,9376,30.3512,1.95703,10,5,30,10
../maps/warehouse_small.map,WPP,200,1000,2,0.05,3.278,0.35528,267,0,19440,7905,32.685,3.46957,10,5,30,10
../maps/warehouse_small.map,WPP,200,1000,4,0.05,1.326,0.61447,354,0,50959,6750,22.141,3.47751,10,5,30,10
../maps/warehouse_small.map,WPP,200,1000,3,0.05,1.708,0.625595,251,0,51011,6566,25.3057,2.58426,10,5,30,10
../maps/warehouse_small.map,WPP,200,1000,5,0.05,4.625,0.11399,35,0,3889,9520,30.2263,1.87066,10,5,30,10
../maps/warehouse_small.map,WPP,200,1000,1,0.1,3.084,0.379685,268,0,23453,16337,33.1857,3.69237,10,5,30,10
../maps/warehouse_small.map,WPP,200,1000,2,0.1,2.703,0.458485,287,0,36917,15876,24.4748,2.64003,10,5,30,10
../maps/warehouse_small.map,WPP,200,1000,3,0.1,4.093,0.18847,98,0,7290,18778,29.8863,1.88382,10,5,30,10
../maps/warehouse_small.map,WPP,200,1000,4,0.1,4.232,0.184575,79,0,7230,18842,27.439,2.02099,10,5,30,10
../maps/warehouse_small.map,WPP,200,1000,5,0.1,2.228,0.535985,308,0,41980,14872,25.0882,2.2182,10,5,30,10
../maps/warehouse_small.map,WPP,200,1000,1,0.2,3.468,0.311495,138,0,11994,37188,30.3386,1.69835,10,5,30,10
../maps/warehouse_small.map,WPP,200,1000,2,0.2,2.936,0.40898,341,0,19037,34584,26.6025,2.65096,10,5,30,10
../maps/warehouse_small.map,WPP,200,1000,3,0.2,1.739,0.61493,346,0,38926,28771,24.7852,2.17531,10,5,30,10
../maps/warehouse_small.map,WPP,200,1000,4,0.2,2.738,0.44612,306,0,25177,33897,24.5655,2.16192,10,5,30,10
../maps/warehouse_small.map,CA-PIBT,200,1000,1,0.05,5.013,0.11427,11,11,4183,9461,1.06879,2.07624,10,5,30,10
../maps/warehouse_small.map,CA-PIBT,200,1000,2,0.05,4.946,0.119315,11,11,4382,9628,1.07277,1.99677,10,5,30,10
../maps/warehouse_small.map,CA-PIBT,200,1000,3,0.05,4.946,0.11775,11,11,4182,9572,1.06746,2.06327,10,5,30,10
../maps/warehouse_small.map,CA-PIBT,200,1000,4,0.05,4.97,0.11582,6,6,4148,9591,1.08983,1.78255,10,5,30,10
../maps/warehouse_small.map,CA-PIBT,200,1000,5,0.05,5.061,0.113755,4,4,4150,9718,1.04324,2.1076,10,5,30,10
../maps/warehouse_small.map,CA-PIBT,200,1000,1,0.1,4.517,0.186115,13,13,7774,18923,1.15558,2.01563,10,5,30,10
../maps/warehouse_small.map,CA-PIBT,200,1000,2,0.1,4.56,0.184065,27,27,7341,18931,1.14426,1.84932,10,5,30,10
../maps/warehouse_small.map,CA-PIBT,200,1000,3,0.1,4.572,0.186385,22,22,7481,19271,1.11677,1.87627,10,5,30,10
../maps/warehouse_small.map,CA-PIBT,200,1000,4,0.1,4.593,0.181895,22,22,7403,18784,1.12451,1.98085,10,5,30,10
../maps/warehouse_small.map,WPP,200,1000,5,0.2,0.86,0.7779,326,0,55355,24830,21.6967,1.76635,10,5,30,10
../maps/warehouse_small.map,CA-PIBT,200,1000,5,0.1,4.589,0.183725,6,6,7580,18762,1.12491,2.0957,10,5,30,10
../maps/warehouse_small.map,CA-PIBT,200,1000,1,0.2,3.692,0.321005,93,93,13566,37220,1.30755,1.7659,10,5,30,10
../maps/warehouse_small.map,CA-PIBT,200,1000,2,0.2,3.651,0.32475,78,78,13685,37308,1.28785,1.9339,10,5,30,10
../maps/warehouse_small.map,CA-PIBT,200,1000,3,0.2,3.731,0.31705,76,76,13145,37170,1.31296,1.87242,10,5,30,10
../maps/warehouse_small.map,CA-PIBT,200,1000,4,0.2,3.619,0.32708,102,102,14042,37267,1.29309,1.8292,10,5,30,10
../maps/warehouse_small.map,PIBT,300,1000,1,0.05,1.958,0.493477,2867,0,31696,9628,0.0832581,2.25151,10,5,30,10
../maps/warehouse_small.map,PIBT,300,1000,2,0.05,1.987,0.493157,2824,0,32003,9764,0.0848055,2.21844,10,5,30,10
../maps/warehouse_small.map,PIBT,300,1000,3,0.05,1.631,0.529837,2854,0,35161,9232,0.0817346,2.16163,10,5,30,10
../maps/warehouse_small.map,PIBT,300,1000,4,0.05,1.916,0.502273,2795,0,33059,9660,0.0822896,2.19935,10,5,30,10
../maps/warehouse_small.map,CA-PIBT,200,1000,5,0.2,3.643,0.32643,97,97,13658,37183,1.3093,1.89704,10,5,30,10
../maps/warehouse_small.map,PIBT,300,1000,5,0.05,2.063,0.479723,2789,0,30439,9878,0.0835461,2.27188,10,5,30,10
../maps/warehouse_small.map,PIBT,300,1000,1,0.1,1.265,0.63552,2720,0,51718,17859,0.0896842,2.20523,10,5,30,10
../maps/warehouse_small.map,PIBT,300,1000,2,0.1,1.33,0.625157,2957,0,50387,18146,0.0831425,1.99304,10,5,30,10
../maps/warehouse_small.map,PIBT,300,1000,3,0.1,1.555,0.585433,2952,0,46512,19009,0.0841855,1.91042,10,5,30,10
../maps/warehouse_small.map,PIBT,300,1000,4,0.1,1.498,0.603993,2828,0,49867,18730,0.0833826,2.00332,10,5,30,10
../maps/warehouse_small.map,PIBT,300,1000,5,0.1,1.247,0.630353,2850,0,50793,17864,0.0828505,2.00303,10,5,30,10
../maps/warehouse_small.map,PIBT,300,1000,1,0.2,0.741,0.758107,2526,0,62434,33928,0.0820559,1.77269,10,5,30,10
../maps/warehouse_small.map,PIBT,300,1000,2,0.2,0.967,0.735013,2631,0,58592,34632,0.0837035,1.91663,10,5,30,10
../maps/warehouse_small.map,PIBT,300,1000,3,0.2,0.902,0.731583,2757,0,60721,35384,0.0856239,1.8129,10,5,30,10
../maps/warehouse_small.map,PIBT,300,1000,4,0.2,0.818,0.75529,2561,0,62104,33791,0.0865383,1.65488,10,5,30,10
../maps/warehouse_small.map,PIBT,300,1000,5,0.2,0.883,0.73621,2574,0,62018,35385,0.0876612,1.92184,10,5,30,10
../maps/warehouse_small.map,H-PIBT,300,1000,1,0.05,3.782,0.367247,1391,0,22454,11203,0.0941815,2.21629,10,5,30,10
../maps/warehouse_small.map,H-PIBT,300,1000,2,0.05,4.134,0.3427,1111,0,21958,11622,0.0933296,2.39964,10,5,30,10
../maps/warehouse_small.map,H-PIBT,300,1000,3,0.05,3.272,0.41042,1956,0,26092,10691,0.0927067,2.5109,10,5,30,10
../maps/warehouse_small.map,H-PIBT,300,1000,4,0.05,3.757,0.36878,1324,0,22611,11247,0.0933322,2.17166,10,5,30,10
../maps/warehouse_small.map,H-PIBT,300,1000,1,0.1,2.493,0.529513,2361,0,41557,20323,0.0912193,2.16962,10,5,30,10
../maps/warehouse_small.map,H-PIBT,300,1000,5,0.05,3.577,0.386207,1600,0,24047,11094,0.0969871,2.33755,10,5,30,10
../maps/warehouse_small.map,H-PIBT,300,1000,3,0.1,2.243,0.552173,2527,0,42472,19710,0.0934571,2.17932,10,5,30,10
../maps/warehouse_small.map,H-PIBT,300,1000,2,0.1,2.366,0.538713,2514,0,43020,19956,0.0957916,1.98002,10,5,30,10
../maps/warehouse_small.map,H-PIBT,300,1000,4,0.1,2.215,0.5544,2594,0,43587,19681,0.094979,2.09198,10,5,30,10
../maps/warehouse_small.map,H-PIBT,300,1000,5,0.1,2.221,0.56074,2637,0,45870,19745,0.0891732,2.18495,10,5,30,10
../maps/warehouse_small.map,H-PIBT,300,1000,1,0.2,1.02,0.761857,2235,0,52730,31096,0.088494,1.86011,10,5,30,10
../maps/warehouse_small.map,H-PIBT,300,1000,2,0.2,1.512,0.690657,2894,0,57630,37836,0.0912122,1.97444,10,5,30,10
../maps/warehouse_small.map,H-PIBT,300,1000,3,0.2,1.218,0.71915,2814,0,60871,36067,0.0937947,1.94158,10,5,30,10
../maps/warehouse_small.map,H-PIBT,300,1000,4,0.2,1.379,0.704533,2957,0,58759,36772,0.0950916,1.76087,10,5,30,10
../maps/warehouse_small.map,H-PIBT,300,1000,5,0.2,1.31,0.711067,2894,0,59928,36596,0.0905471,1.81445,10,5,30,10
../maps/warehouse_small.map,WPP,300,1000,1,0.05,0.959,0.756053,666,0,106924,9464,38.8583,1.75632,10,5,30,10
../maps/warehouse_small.map,WPP,300,1000,2,0.05,0.871,0.68248,870,0,92181,10023,41.6352,2.14802,10,5,30,10
../maps/warehouse_small.map,WPP,300,1000,3,0.05,1.142,0.579683,1155,0,72963,10319,41.2757,3.02147,10,5,30,10
../maps/warehouse_small.map,WPP,300,1000,4,0.05,1.02,0.620653,855,0,79143,10039,43.4935,2.48864,10,5,30,10
../maps/warehouse_small.map,WPP,300,1000,5,0.05,0.98,0.664227,792,0,83545,9651,40.0599,2.49577,10,5,30,10
../maps/warehouse_small.map,WPP,300,1000,1,0.1,0.838,0.763657,849,0,94521,18279,39.6247,2.04058,10,5,30,10
../maps/warehouse_small.map,WPP,300,1000,2,0.1,0.926,0.79418,656,0,94901,17256,40.597,1.85809,10,5,30,10
../maps/warehouse_small.map,WPP,300,1000,3,0.1,1.153,0.701383,990,0,88811,19759,36.0564,2.53222,10,5,30,10
../maps/warehouse_small.map,WPP,300,1000,4,0.1,0.819,0.694233,1089,0,87279,19868,38.9015,2.03235,10,5,30,10
../maps/warehouse_small.map,WPP,300,1000,5,0.1,0.865,0.710847,754,0,88546,19408,41.1711,2.39368,10,5,30,10
../maps/warehouse_small.map,WPP,300,1000,2,0.2,0.884,0.777697,906,0,90953,39286,34.5762,1.91585,10,5,30,10
../maps/warehouse_small.map,WPP,300,1000,1,0.2,0.914,0.71193,990,0,76649,40490,38.7665,2.09073,10,5,30,10
../maps/warehouse_small.map,WPP,300,1000,4,0.2,1.165,0.67603,1320,0,69959,41854,36.2948,2.6299,10,5,30,10
../maps/warehouse_small.map,WPP,300,1000,3,0.2,0.884,0.777453,734,0,83892,37751,38.2834,2.03727,10,5,30,10
../maps/warehouse_small.map,CA-PIBT,300,1000,1,0.05,6.763,0.16284,54,54,10397,13705,1.77004,1.7967,10,5,30,10
../maps/warehouse_small.map,CA-PIBT,300,1000,2,0.05,6.785,0.160993,56,56,10154,13696,1.73416,1.92086,10,5,30,10
../maps/warehouse_small.map,CA-PIBT,300,1000,3,0.05,6.723,0.163837,76,76,10737,13902,1.72611,1.96687,10,5,30,10
../maps/warehouse_small.map,CA-PIBT,300,1000,4,0.05,6.718,0.16643,100,100,10549,13615,1.74501,2.03436,10,5,30,10
../maps/warehouse_small.map,CA-PIBT,300,1000,5,0.05,6.675,0.164037,74,74,10709,13848,1.73375,1.86748,10,5,30,10
../maps/warehouse_small.map,CA-PIBT,300,1000,1,0.1,5.856,0.252497,184,184,19428,26959,1.92145,2.0107,10,5,30,10
../maps/warehouse_small.map,CA-PIBT,300,1000,2,0.1,5.806,0.25211,126,126,19153,27107,2.03456,1.76498,10,5,30,10
../maps/warehouse_small.map,CA-PIBT,300,1000,3,0.1,6.004,0.244893,101,101,18693,27168,1.87283,1.92695,10,5,30,10
../maps/warehouse_small.map,CA-PIBT,300,1000,4,0.1,5.752,0.25324,191,191,19842,26896,1.94814,1.78418,10,5,30,10
../maps/warehouse_small.map,CA-PIBT,300,1000,5,0.1,5.859,0.249853,158,158,19495,27014,1.8948,1.77269,10,5,30,10
../maps/warehouse_small.map,CA-PIBT,300,1000,1,0.2,4.39,0.40638,546,546,32295,52687,2.20694,1.82544,10,5,30,10
../maps/warehouse_small.map,WPP,300,1000,5,0.2,1.062,0.678593,1175,0,69981,41594,37.964,2.57716,10,5,30,10
../maps/warehouse_small.map,CA-PIBT,300,1000,2,0.2,4.518,0.402057,398,398,32255,53621,2.21581,1.92952,10,5,30,10
../maps/warehouse_small.map,CA-PIBT,300,1000,3,0.2,4.517,0.399373,460,460,31514,52772,2.12985,1.82395,10,5,30,10
../maps/warehouse_small.map,CA-PIBT,300,1000,4,0.2,4.47,0.398457,435,435,31350,52925,2.14366,1.79907,10,5,30,10
../maps/kiva.map,PIBT,200,1000,1,0.05,4.656,0.13384,15,0,4704,9331,0.053843,2.02771,10,5,30,10
../maps/kiva.map,PIBT,200,1000,2,0.05,4.588,0.132485,18,0,4563,9491,0.0541397,2.13925,10,5,30,10
../maps/kiva.map,PIBT,200,1000,3,0.05,4.601,0.13488,28,0,4580,9260,0.053158,2.02113,10,5,30,10
../maps/kiva.map,PIBT,200,1000,4,0.05,4.604,0.134145,24,0,4668,9253,0.0546718,2.0999,10,5,30,10
../maps/kiva.map,PIBT,200,1000,5,0.05,4.675,0.129085,14,0,4524,9188,0.0545154,1.89588,10,5,30,10
../maps/kiva.map,PIBT,200,1000,1,0.1,4.112,0.21827,80,0,9081,18425,0.0549538,2.14159,10,5,30,10
../maps/kiva.map,PIBT,200,1000,2,0.1,4.194,0.21282,56,0,8797,18433,0.0603076,1.98472,10,5,30,10
../maps/kiva.map,PIBT,200,1000,3,0.1,4.179,0.20778,43,0,8670,18706,0.0531971,2.00848,10,5,30,10
../maps/kiva.map,PIBT,200,1000,4,0.1,4.155,0.20829,66,0,8935,18590,0.0531704,2.0915,10,5,30,10
../maps/kiva.map,PIBT,200,1000,5,0.1,4.249,0.201925,35,0,8339,18434,0.0536989,2.08446,10,5,30,10
../maps/kiva.map,PIBT,200,1000,1,0.2,2.252,0.511895,1142,0,31530,32351,0.0564146,2.92274,10,5,30,10
../maps/kiva.map,PIBT,200,1000,2,0.2,2.299,0.5075,1063,0,31519,32867,0.0559823,3.228,10,5,30,10
../maps/kiva.map,PIBT,200,1000,3,0.2,3.338,0.36039,250,0,15677,36036,0.056174,2.10806,10,5,30,10
../maps/kiva.map,PIBT,200,1000,4,0.2,2.168,0.52091,1059,0,33186,32463,0.0567112,2.94354,10,5,30,10
../maps/kiva.map,PIBT,200,1000,5,0.2,2.966,0.416425,585,0,22423,34864,0.0548387,2.85151,10,5,30,10
../maps/warehouse_small.map,CA-PIBT,300,1000,5,0.2,4.638,0.392113,379,379,30535,53263,2.07889,1.75168,10,5,30,10
../maps/kiva.map,H-PIBT,200,1000,1,0.05,5.629,0.106495,3,0,4238,9778,0.059055,2.13869,10,5,30,10
../maps/kiva.map,H-PIBT,200,1000,2,0.05,5.631,0.106555,0,0,4280,9804,0.0611327,2.07629,10,5,30,10
../maps/kiva.map,H-PIBT,200,1000,3,0.05,5.699,0.1063,0,0,4282,9650,0.0599209,2.05182,10,5,30,10
../maps/kiva.map,H-PIBT,200,1000,4,0.05,5.613,0.10634,3,0,4326,9705,0.0690416,2.28271,10,5,30,10
../maps/kiva.map,H-PIBT,200,1000,5,0.05,5.688,0.104435,1,0,4084,9596,0.0605812,2.17862,10,5,30,10
../maps/kiva.map,H-PIBT,200,1000,1,0.1,5.185,0.175825,2,0,7773,19501,0.0602835,1.92857,10,5,30,10
../maps/kiva.map,H-PIBT,200,1000,2,0.1,5.252,0.175075,0,0,7841,18987,0.0615459,1.9956,10,5,30,10
../maps/kiva.map,H-PIBT,200,1000,3,0.1,5.232,0.176955,2,0,7976,18993,0.0638184,2.02593,10,5,30,10
../maps/kiva.map,H-PIBT,200,1000,4,0.1,5.198,0.17599,10,0,7904,18994,0.0610761,2.15636,10,5,30,10
../maps/kiva.map,H-PIBT,200,1000,5,0.1,5.177,0.174505,2,0,7853,19177,0.061264,2.1475,10,5,30,10
../maps/kiva.map,H-PIBT,200,1000,1,0.2,4.316,0.30813,17,0,14009,37626,0.0588039,1.97575,10,5,30,10
../maps/kiva.map,H-PIBT,200,1000,2,0.2,4.318,0.31222,9,0,14384,38186,0.060158,1.97785,10,5,30,10
../maps/kiva.map,H-PIBT,200,1000,3,0.2,4.318,0.307105,2,0,13642,37858,0.0619112,1.90575,10,5,30,10
../maps/kiva.map,H-PIBT,200,1000,4,0.2,4.239,0.31978,54,0,14660,37729,0.0601454,1.97661,10,5,30,10
../maps/kiva.map,H-PIBT,200,1000,5,0.2,4.334,0.30786,8,0,13659,38034,0.0602454,1.88709,10,5,30,10
../maps/kiva.map,WPP,200,1000,1,0.05,5.656,0.08628,2,0,3423,9812,9.88364,2.14746,10,5,30,10
../maps/kiva.map,WPP,200,1000,2,0.05,5.675,0.08562,1,0,3283,9930,9.87877,2.07951,10,5,30,10
../maps/kiva.map,WPP,200,1000,3,0.05,5.62,0.086035,0,0,3232,9809,9.9671,2.11424,10,5,30,10
../maps/kiva.map,WPP,200,1000,4,0.05,5.643,0.088665,2,0,3436,9919,10.3398,2.21106,10,5,30,10
../maps/kiva.map,WPP,200,1000,5,0.05,5.699,0.087,0,0,3304,9828,9.61277,2.10712,10,5,30,10
../maps/kiva.map,WPP,200,1000,1,0.1,5.222,0.15358,0,0,6418,19518,10.2377,2.04888,10,5,30,10
../maps/kiva.map,WPP,200,1000,2,0.1,5.298,0.15036,1,0,6132,19376,10.3103,2.04203,10,5,30,10
../maps/kiva.map,WPP,200,1000,3,0.1,5.214,0.152815,3,0,6335,19421,10.4333,2.29022,10,5,30,10
../maps/kiva.map,WPP,200,1000,4,0.1,5.166,0.153975,3,0,6411,19429,10.4379,2.04722,10,5,30,10
../maps/kiva.map,WPP,200,1000,5,0.1,5.261,0.15018,1,0,6219,19206,10.1843,1.95243,10,5,30,10
../maps/kiva.map,WPP,200,1000,1,0.2,4.365,0.27854,6,0,10926,38730,11.2173,1.83967,10,5,30,10
../maps/kiva.map,WPP,200,1000,2,0.2,4.429,0.27973,3,0,10879,39199,10.9009,2.08182,10,5,30,10
../maps/kiva.map,WPP,200,1000,3,0.2,4.397,0.27675,10,0,10937,38769,10.4276,1.91175,10,5,30,10
../maps/kiva.map,WPP,200,1000,4,0.2,4.396,0.27761,8,0,10955,38868,10.9564,1.87872,10,5,30,10
../maps/kiva.map,CA-PIBT,200,1000,1,0.05,5.687,0.097675,1,1,3597,9624,0.959399,2.20131,10,5,30,10
../maps/kiva.map,CA-PIBT,200,1000,2,0.05,5.763,0.09567,0,0,3448,9576,0.954489,2.11678,10,5,30,10
../maps/kiva.map,CA-PIBT,200,1000,3,0.05,5.72,0.1,0,0,3695,9706,0.942515,2.23159,10,5,30,10
../maps/kiva.map,CA-PIBT,200,1000,4,0.05,5.716,0.096205,2,2,3497,9538,0.939617,1.9062,10,5,30,10
../maps/kiva.map,WPP,200,1000,5,0.2,4.463,0.276935,3,0,10815,38711,11.0679,1.92504,10,5,30,10
../maps/kiva.map,CA-PIBT,200,1000,5,0.05,5.729,0.10042,2,2,3786,9800,0.942117,2.31495,10,5,30,10
../maps/kiva.map,CA-PIBT,200,1000,1,0.1,5.275,0.163945,7,7,6713,19419,1.02979,2.06261,10,5,30,10
../maps/kiva.map,CA-PIBT,200,1000,2,0.1,5.31,0.162965,0,0,6580,19306,1.02306,2.15349,10,5,30,10
../maps/kiva.map,CA-PIBT,200,1000,3,0.1,5.295,0.162745,0,0,6557,19455,1.03958,2.17011,10,5,30,10
../maps/kiva.map,CA-PIBT,200,1000,4,0.1,5.232,0.164715,2,2,6700,19269,1.03128,2.06746,10,5,30,10
../maps/kiva.map,CA-PIBT,200,1000,5,0.1,5.326,0.160635,0,0,6366,19348,1.04437,2.06957,10,5,30,10
../maps/kiva.map,CA-PIBT,200,1000,1,0.2,4.416,0.28974,6,6,11492,38864,1.1539,1.86912,10,5,30,10
../maps/kiva.map,CA-PIBT,200,1000,2,0.2,4.444,0.28457,3,3,10864,39089,1.15237,1.99038,10,5,30,10
../maps/kiva.map,CA-PIBT,200,1000,3,0.2,4.533,0.280025,0,0,10883,38030,1.14996,2.06223,10,5,30,10
../maps/kiva.map,CA-PIBT,200,1000,4,0.2,4.488,0.286255,9,9,11317,38638,1.15973,2.08,10,5,30,10
../maps/kiva.map,PIBT,300,1000,1,0.05,4.666,0.274223,1084,0,23056,12720,0.0899386,2.9553,10,5,30,10
../maps/kiva.map,CA-PIBT,200,1000,5,0.2,4.509,0.283875,8,8,11101,38406,1.16851,1.90472,10,5,30,10
../maps/kiva.map,PIBT,300,1000,2,0.05,5.513,0.21118,405,0,14194,13114,0.0898611,2.26454,10,5,30,10
../maps/kiva.map,PIBT,300,1000,3,0.05,4.962,0.254537,905,0,20507,12829,0.0947719,2.60033,10,5,30,10
../maps/kiva.map,PIBT,300,1000,4,0.05,4.739,0.265487,1101,0,22027,12843,0.0889859,2.95104,10,5,30,10
../maps/kiva.map,PIBT,300,1000,5,0.05,5.326,0.228837,591,0,16675,12859,0.0851662,2.60368,10,5,30,10
../maps/kiva.map,PIBT,300,1000,1,0.1,2.83,0.490047,2121,0,62361,23993,0.0879328,3.14307,10,5,30,10
../maps/kiva.map,PIBT,300,1000,2,0.1,2.992,0.473013,1922,0,57470,23851,0.0880498,3.19259,10,5,30,10
../maps/kiva.map,PIBT,300,1000,3,0.1,3.398,0.43819,1751,0,50437,24458,0.0880132,2.78926,10,5,30,10
../maps/kiva.map,PIBT,300,1000,4,0.1,2.898,0.484303,2075,0,57750,23522,0.0879546,3.18921,10,5,30,10
../maps/kiva.map,PIBT,300,1000,5,0.1,3.055,0.472217,1952,0,57024,23990,0.0945351,2.94217,10,5,30,10
../maps/kiva.map,PIBT,300,1000,1,0.2,1.258,0.735207,1619,0,78789,39232,0.0876747,2.86169,10,5,30,10
../maps/kiva.map,PIBT,300,1000,2,0.2,1.575,0.693773,2050,0,80423,42930,0.0984123,2.68344,10,5,30,10
../maps/kiva.map,PIBT,300,1000,3,0.2,1.326,0.74158,1372,0,73095,37671,0.0871938,2.72218,10,5,30,10
../maps/kiva.map,PIBT,300,1000,4,0.2,1.325,0.733863,1537,0,74603,38801,0.099847,2.77424,10,5,30,10
../maps/kiva.map,PIBT,300,1000,5,0.2,1.879,0.65679,2222,0,77170,44922,0.0915854,2.5847,10,5,30,10
../maps/kiva.map,H-PIBT,300,1000,1,0.05,7.565,0.159157,34,0,12340,14010,0.102034,2.06149,10,5,30,10
../maps/kiva.map,H-PIBT,300,1000,2,0.05,7.666,0.15543,11,0,12303,14002,0.0991962,1.94777,10,5,30,10
../maps/kiva.map,H-PIBT,300,1000,3,0.05,7.723,0.1521,5,0,11975,14061,0.101246,1.93325,10,5,30,10
../maps/kiva.map,H-PIBT,300,1000,4,0.05,7.498,0.16224,30,0,12831,13836,0.0942312,1.99999,10,5,30,10
../maps/kiva.map,H-PIBT,300,1000,1,0.1,6.501,0.264533,96,0,25423,27384,0.0941709,2.08513,10,5,30,10
../maps/kiva.map,H-PIBT,300,1000,5,0.05,7.66,0.154,7,0,12101,13865,0.0970526,1.92585,10,5,30,10
../maps/kiva.map,H-PIBT,300,1000,2,0.1,6.573,0.257173,110,0,24355,27256,0.0925978,2.08052,10,5,30,10
../maps/kiva.map,H-PIBT,300,1000,3,0.1,6.586,0.260403,101,0,25509,27510,0.0960769,2.00445,10,5,30,10
../maps/kiva.map,H-PIBT,300,1000,4,0.1,6.437,0.265847,121,0,25505,27446,0.0915367,2.17749,10,5,30,10
../maps/kiva.map,H-PIBT,300,1000,5,0.1,6.619,0.254917,80,0,23850,27342,0.09567,1.98477,10,5,30,10
../maps/kiva.map,H-PIBT,300,1000,1,0.2,2.939,0.597347,1514,0,60492,44913,0.0919284,3.83779,10,5,30,10
../maps/kiva.map,H-PIBT,300,1000,2,0.2,3.1,0.57915,1718,0,72874,50225,0.095453,3.16684,10,5,30,10
../maps/kiva.map,H-PIBT,300,1000,3,0.2,4.311,0.47086,747,0,49796,52573,0.0920212,2.1771,10,5,30,10
../maps/kiva.map,H-PIBT,300,1000,4,0.2,3.496,0.53253,1457,0,63571,50694,0.0969455,2.79401,10,5,30,10
../maps/kiva.map,H-PIBT,300,1000,5,0.2,4.018,0.4987,1116,0,56592,51475,0.0940845,2.70899,10,5,30,10
../maps/kiva.map,WPP,300,1000,2,0.05,7.746,0.115603,5,0,8702,14592,26.5766,2.04473,10,5,30,10
../maps/kiva.map,WPP,300,1000,1,0.05,7.393,0.136513,107,0,8735,14124,30.6941,2.61587,10,5,30,10
../maps/kiva.map,WPP,300,1000,3,0.05,7.662,0.11761,6,0,8883,14450,28.1278,2.07727,10,5,30,10
../maps/kiva.map,WPP,300,1000,4,0.05,7.496,0.12588,79,0,10142,14291,27.4867,2.28761,10,5,30,10
../maps/kiva.map,WPP,300,1000,5,0.05,7.736,0.115773,16,0,8813,14391,28.4457,2.13256,10,5,30,10
../maps/kiva.map,WPP,300,1000,1,0.1,6.224,0.248133,234,0,16780,26710,34.9967,3.42576,10,5,30,10
../maps/kiva.map,WPP,300,1000,2,0.1,6.985,0.188937,4,0,15165,28556,27.8035,1.94329,10,5,30,10
../maps/kiva.map,WPP,300,1000,3,0.1,6.884,0.197443,32,0,16232,28482,31.297,2.01424,10,5,30,10
../maps/kiva.map,WPP,300,1000,4,0.1,6.788,0.202653,94,0,17542,28504,29.0144,2.03976,10,5,30,10
../maps/kiva.map,WPP,300,1000,5,0.1,6.926,0.190983,14,0,15467,28686,29.6165,1.978,10,5,30,10
../maps/kiva.map,WPP,300,1000,1,0.2,5.345,0.346553,163,0,28706,55999,36.9949,1.78971,10,5,30,10
../maps/kiva.map,WPP,300,1000,2,0.2,5.282,0.351173,183,0,27722,56039,37.3382,2.08134,10,5,30,10
../maps/kiva.map,WPP,300,1000,3,0.2,3.107,0.57976,518,0,44823,42200,36.7676,4.62992,10,5,30,10
../maps/kiva.map,WPP,300,1000,4,0.2,5.368,0.343667,159,0,28221,56276,37.6863,1.86063,10,5,30,10
../maps/kiva.map,CA-PIBT,300,1000,1,0.05,8.088,0.13132,10,10,9007,14312,1.52389,2.11149,10,5,30,10
../maps/kiva.map,CA-PIBT,300,1000,2,0.05,8.081,0.13384,3,3,9380,14173,1.54785,2.14771,10,5,30,10
../maps/kiva.map,CA-PIBT,300,1000,3,0.05,8.116,0.1304,2,2,9127,14482,1.5228,2.14254,10,5,30,10
../maps/kiva.map,CA-PIBT,300,1000,4,0.05,8.033,0.13039,12,12,8964,13915,1.54368,1.94768,10,5,30,10
../maps/kiva.map,CA-PIBT,300,1000,5,0.05,8.112,0.129937,4,4,9130,14161,1.55394,2.06682,10,5,30,10
../maps/kiva.map,CA-PIBT,300,1000,1,0.1,7.313,0.203927,24,24,16444,28233,1.67044,1.88365,10,5,30,10
../maps/kiva.map,CA-PIBT,300,1000,2,0.1,7.257,0.20822,10,10,17062,28301,1.66982,2.06895,10,5,30,10
../maps/kiva.map,WPP,300,1000,5,0.2,5.28,0.352667,170,0,28486,56119,38.0043,2.08646,10,5,30,10
../maps/kiva.map,CA-PIBT,300,1000,3,0.1,7.289,0.207597,7,7,17128,28566,1.65398,2.03355,10,5,30,10
../maps/kiva.map,CA-PIBT,300,1000,4,0.1,7.263,0.209647,14,14,17219,28411,1.63543,2.15543,10,5,30,10
../maps/kiva.map,CA-PIBT,300,1000,5,0.1,7.394,0.20278,9,9,16158,28307,1.63497,2.01705,10,5,30,10
../maps/kiva.map,CA-PIBT,300,1000,1,0.2,5.875,0.347523,80,80,27938,55755,1.87248,1.8823,10,5,30,10
../maps/kiva.map,CA-PIBT,300,1000,2,0.2,5.777,0.35328,64,64,29295,56159,1.92392,1.85583,10,5,30,10
../maps/kiva.map,CA-PIBT,300,1000,3,0.2,5.934,0.3481,42,42,28762,55939,1.84624,1.96764,10,5,30,10
../maps/kiva.map,CA-PIBT,300,1000,4,0.2,5.935,0.344997,84,84,28587,55962,1.89787,1.91042,10,5,30,10
../maps/kiva.map,CA-PIBT,300,1000,5,0.2,5.908,0.346373,78,78,28392,55994,1.86641,1.89542,10,5,30,10
